filename,writer_id,character,round,char_class
abdullah_60_uc_A_r01.png,abdullah_60,60_uc_A,r01,auto
abdullah_60_uc_A_r02.png,abdullah_60,60_uc_A,r02,auto
abdullah_60_uc_A_r03.png,abdullah_60,60_uc_A,r03,auto
abdullah_60_uc_A_r04.png,abdullah_60,60_uc_A,r04,auto
abdullah_60_uc_A_r05.png,abdullah_60,60_uc_A,r05,auto
abdullah_60_uc_A_r06.png,abdullah_60,60_uc_A,r06,auto
abdullah_60_uc_A_r07.png,abdullah_60,60_uc_A,r07,auto
abdullah_60_uc_A_r08.png,abdullah_60,60_uc_A,r08,auto
abdullah_60_uc_B_r01.png,abdullah_60,60_uc_B,r01,auto
abdullah_60_uc_B_r02.png,abdullah_60,60_uc_B,r02,auto
abdullah_60_uc_B_r03.png,abdullah_60,60_uc_B,r03,auto
abdullah_60_uc_B_r04.png,abdullah_60,60_uc_B,r04,auto
abdullah_60_uc_B_r05.png,abdullah_60,60_uc_B,r05,auto
abdullah_60_uc_B_r06.png,abdullah_60,60_uc_B,r06,auto
abdullah_60_uc_B_r07.png,abdullah_60,60_uc_B,r07,auto
abdullah_60_uc_B_r08.png,abdullah_60,60_uc_B,r08,auto
abdullah_60_uc_C_r01.png,abdullah_60,60_uc_C,r01,auto
abdullah_60_uc_C_r02.png,abdullah_60,60_uc_C,r02,auto
abdullah_60_uc_C_r03.png,abdullah_60,60_uc_C,r03,auto
abdullah_60_uc_C_r04.png,abdullah_60,60_uc_C,r04,auto
abdullah_60_uc_C_r05.png,abdullah_60,60_uc_C,r05,auto
abdullah_60_uc_C_r06.png,abdullah_60,60_uc_C,r06,auto
abdullah_60_uc_C_r07.png,abdullah_60,60_uc_C,r07,auto
abdullah_60_uc_C_r08.png,abdullah_60,60_uc_C,r08,auto
abdullah_60_uc_D_r01.png,abdullah_60,60_uc_D,r01,auto
abdullah_60_uc_D_r02.png,abdullah_60,60_uc_D,r02,auto
abdullah_60_uc_D_r03.png,abdullah_60,60_uc_D,r03,auto
abdullah_60_uc_D_r04.png,abdullah_60,60_uc_D,r04,auto
abdullah_60_uc_D_r05.png,abdullah_60,60_uc_D,r05,auto
abdullah_60_uc_D_r06.png,abdullah_60,60_uc_D,r06,auto
abdullah_60_uc_D_r07.png,abdullah_60,60_uc_D,r07,auto
abdullah_60_uc_D_r08.png,abdullah_60,60_uc_D,r08,auto
abdullah_60_uc_E_r01.png,abdullah_60,60_uc_E,r01,auto
abdullah_60_uc_E_r02.png,abdullah_60,60_uc_E,r02,auto
abdullah_60_uc_E_r03.png,abdullah_60,60_uc_E,r03,auto
abdullah_60_uc_E_r04.png,abdullah_60,60_uc_E,r04,auto
abdullah_60_uc_E_r05.png,abdullah_60,60_uc_E,r05,auto
abdullah_60_uc_E_r06.png,abdullah_60,60_uc_E,r06,auto
abdullah_60_uc_E_r07.png,abdullah_60,60_uc_E,r07,auto
abdullah_60_uc_E_r08.png,abdullah_60,60_uc_E,r08,auto
abdullah_60_uc_F_r01.png,abdullah_60,60_uc_F,r01,auto
abdullah_60_uc_F_r02.png,abdullah_60,60_uc_F,r02,auto
abdullah_60_uc_F_r03.png,abdullah_60,60_uc_F,r03,auto
abdullah_60_uc_F_r04.png,abdullah_60,60_uc_F,r04,auto
abdullah_60_uc_F_r05.png,abdullah_60,60_uc_F,r05,auto
abdullah_60_uc_F_r06.png,abdullah_60,60_uc_F,r06,auto
abdullah_60_uc_F_r07.png,abdullah_60,60_uc_F,r07,auto
abdullah_60_uc_F_r08.png,abdullah_60,60_uc_F,r08,auto
abdullah_60_uc_G_r01.png,abdullah_60,60_uc_G,r01,auto
abdullah_60_uc_G_r02.png,abdullah_60,60_uc_G,r02,auto
abdullah_60_uc_G_r03.png,abdullah_60,60_uc_G,r03,auto
abdullah_60_uc_G_r04.png,abdullah_60,60_uc_G,r04,auto
abdullah_60_uc_G_r05.png,abdullah_60,60_uc_G,r05,auto
abdullah_60_uc_G_r06.png,abdullah_60,60_uc_G,r06,auto
abdullah_60_uc_G_r07.png,abdullah_60,60_uc_G,r07,auto
abdullah_60_uc_G_r08.png,abdullah_60,60_uc_G,r08,auto
abdullah_60_uc_H_r01.png,abdullah_60,60_uc_H,r01,auto
abdullah_60_uc_H_r02.png,abdullah_60,60_uc_H,r02,auto
abdullah_60_uc_H_r03.png,abdullah_60,60_uc_H,r03,auto
abdullah_60_uc_H_r04.png,abdullah_60,60_uc_H,r04,auto
abdullah_60_uc_H_r05.png,abdullah_60,60_uc_H,r05,auto
abdullah_60_uc_H_r06.png,abdullah_60,60_uc_H,r06,auto
abdullah_60_uc_H_r07.png,abdullah_60,60_uc_H,r07,auto
abdullah_60_uc_H_r08.png,abdullah_60,60_uc_H,r08,auto
abdullah_60_uc_I_r01.png,abdullah_60,60_uc_I,r01,auto
abdullah_60_uc_I_r02.png,abdullah_60,60_uc_I,r02,auto
abdullah_60_uc_I_r03.png,abdullah_60,60_uc_I,r03,auto
abdullah_60_uc_I_r04.png,abdullah_60,60_uc_I,r04,auto
abdullah_60_uc_I_r05.png,abdullah_60,60_uc_I,r05,auto
abdullah_60_uc_I_r06.png,abdullah_60,60_uc_I,r06,auto
abdullah_60_uc_I_r07.png,abdullah_60,60_uc_I,r07,auto
abdullah_60_uc_I_r08.png,abdullah_60,60_uc_I,r08,auto
abdullah_60_uc_J_r01.png,abdullah_60,60_uc_J,r01,auto
abdullah_60_uc_J_r02.png,abdullah_60,60_uc_J,r02,auto
abdullah_60_uc_J_r03.png,abdullah_60,60_uc_J,r03,auto
abdullah_60_uc_J_r04.png,abdullah_60,60_uc_J,r04,auto
abdullah_60_uc_J_r05.png,abdullah_60,60_uc_J,r05,auto
abdullah_60_uc_J_r06.png,abdullah_60,60_uc_J,r06,auto
abdullah_60_uc_J_r07.png,abdullah_60,60_uc_J,r07,auto
abdullah_60_uc_J_r08.png,abdullah_60,60_uc_J,r08,auto
abdullah_60_uc_K_r01.png,abdullah_60,60_uc_K,r01,auto
abdullah_60_uc_K_r02.png,abdullah_60,60_uc_K,r02,auto
abdullah_60_uc_K_r03.png,abdullah_60,60_uc_K,r03,auto
abdullah_60_uc_K_r04.png,abdullah_60,60_uc_K,r04,auto
abdullah_60_uc_K_r05.png,abdullah_60,60_uc_K,r05,auto
abdullah_60_uc_K_r06.png,abdullah_60,60_uc_K,r06,auto
abdullah_60_uc_K_r07.png,abdullah_60,60_uc_K,r07,auto
abdullah_60_uc_K_r08.png,abdullah_60,60_uc_K,r08,auto
abdullah_60_uc_L_r01.png,abdullah_60,60_uc_L,r01,auto
abdullah_60_uc_L_r02.png,abdullah_60,60_uc_L,r02,auto
abdullah_60_uc_L_r03.png,abdullah_60,60_uc_L,r03,auto
abdullah_60_uc_L_r04.png,abdullah_60,60_uc_L,r04,auto
abdullah_60_uc_L_r05.png,abdullah_60,60_uc_L,r05,auto
abdullah_60_uc_L_r06.png,abdullah_60,60_uc_L,r06,auto
abdullah_60_uc_L_r07.png,abdullah_60,60_uc_L,r07,auto
abdullah_60_uc_L_r08.png,abdullah_60,60_uc_L,r08,auto
abdullah_60_uc_M_r01.png,abdullah_60,60_uc_M,r01,auto
abdullah_60_uc_M_r02.png,abdullah_60,60_uc_M,r02,auto
abdullah_60_uc_M_r03.png,abdullah_60,60_uc_M,r03,auto
abdullah_60_uc_M_r04.png,abdullah_60,60_uc_M,r04,auto
abdullah_60_uc_M_r05.png,abdullah_60,60_uc_M,r05,auto
abdullah_60_uc_M_r06.png,abdullah_60,60_uc_M,r06,auto
abdullah_60_uc_M_r07.png,abdullah_60,60_uc_M,r07,auto
abdullah_60_uc_M_r08.png,abdullah_60,60_uc_M,r08,auto
abdullah_60_uc_N_r01.png,abdullah_60,60_uc_N,r01,auto
abdullah_60_uc_N_r02.png,abdullah_60,60_uc_N,r02,auto
abdullah_60_uc_N_r03.png,abdullah_60,60_uc_N,r03,auto
abdullah_60_uc_N_r04.png,abdullah_60,60_uc_N,r04,auto
abdullah_60_uc_N_r05.png,abdullah_60,60_uc_N,r05,auto
abdullah_60_uc_N_r06.png,abdullah_60,60_uc_N,r06,auto
abdullah_60_uc_N_r07.png,abdullah_60,60_uc_N,r07,auto
abdullah_60_uc_N_r08.png,abdullah_60,60_uc_N,r08,auto
abdullah_60_uc_O_r01.png,abdullah_60,60_uc_O,r01,auto
abdullah_60_uc_O_r02.png,abdullah_60,60_uc_O,r02,auto
abdullah_60_uc_O_r03.png,abdullah_60,60_uc_O,r03,auto
abdullah_60_uc_O_r04.png,abdullah_60,60_uc_O,r04,auto
abdullah_60_uc_O_r05.png,abdullah_60,60_uc_O,r05,auto
abdullah_60_uc_O_r06.png,abdullah_60,60_uc_O,r06,auto
abdullah_60_uc_O_r07.png,abdullah_60,60_uc_O,r07,auto
abdullah_60_uc_O_r08.png,abdullah_60,60_uc_O,r08,auto
abdullah_60_uc_P_r01.png,abdullah_60,60_uc_P,r01,auto
abdullah_60_uc_P_r02.png,abdullah_60,60_uc_P,r02,auto
abdullah_60_uc_P_r03.png,abdullah_60,60_uc_P,r03,auto
abdullah_60_uc_P_r04.png,abdullah_60,60_uc_P,r04,auto
abdullah_60_uc_P_r05.png,abdullah_60,60_uc_P,r05,auto
abdullah_60_uc_P_r06.png,abdullah_60,60_uc_P,r06,auto
abdullah_60_uc_P_r07.png,abdullah_60,60_uc_P,r07,auto
abdullah_60_uc_P_r08.png,abdullah_60,60_uc_P,r08,auto
abdullah_60_uc_Q_r01.png,abdullah_60,60_uc_Q,r01,auto
abdullah_60_uc_Q_r02.png,abdullah_60,60_uc_Q,r02,auto
abdullah_60_uc_Q_r03.png,abdullah_60,60_uc_Q,r03,auto
abdullah_60_uc_Q_r04.png,abdullah_60,60_uc_Q,r04,auto
abdullah_60_uc_Q_r05.png,abdullah_60,60_uc_Q,r05,auto
abdullah_60_uc_Q_r06.png,abdullah_60,60_uc_Q,r06,auto
abdullah_60_uc_Q_r07.png,abdullah_60,60_uc_Q,r07,auto
abdullah_60_uc_Q_r08.png,abdullah_60,60_uc_Q,r08,auto
abdullah_60_uc_R_r01.png,abdullah_60,60_uc_R,r01,auto
abdullah_60_uc_R_r02.png,abdullah_60,60_uc_R,r02,auto
abdullah_60_uc_R_r03.png,abdullah_60,60_uc_R,r03,auto
abdullah_60_uc_R_r04.png,abdullah_60,60_uc_R,r04,auto
abdullah_60_uc_R_r05.png,abdullah_60,60_uc_R,r05,auto
abdullah_60_uc_R_r06.png,abdullah_60,60_uc_R,r06,auto
abdullah_60_uc_R_r07.png,abdullah_60,60_uc_R,r07,auto
abdullah_60_uc_R_r08.png,abdullah_60,60_uc_R,r08,auto
abdullah_60_uc_S_r01.png,abdullah_60,60_uc_S,r01,auto
abdullah_60_uc_S_r02.png,abdullah_60,60_uc_S,r02,auto
abdullah_60_uc_S_r03.png,abdullah_60,60_uc_S,r03,auto
abdullah_60_uc_S_r04.png,abdullah_60,60_uc_S,r04,auto
abdullah_60_uc_S_r05.png,abdullah_60,60_uc_S,r05,auto
abdullah_60_uc_S_r06.png,abdullah_60,60_uc_S,r06,auto
abdullah_60_uc_S_r07.png,abdullah_60,60_uc_S,r07,auto
abdullah_60_uc_S_r08.png,abdullah_60,60_uc_S,r08,auto
abdullah_60_uc_T_r01.png,abdullah_60,60_uc_T,r01,auto
abdullah_60_uc_T_r02.png,abdullah_60,60_uc_T,r02,auto
abdullah_60_uc_T_r03.png,abdullah_60,60_uc_T,r03,auto
abdullah_60_uc_T_r04.png,abdullah_60,60_uc_T,r04,auto
abdullah_60_uc_T_r05.png,abdullah_60,60_uc_T,r05,auto
abdullah_60_uc_T_r06.png,abdullah_60,60_uc_T,r06,auto
abdullah_60_uc_T_r07.png,abdullah_60,60_uc_T,r07,auto
abdullah_60_uc_T_r08.png,abdullah_60,60_uc_T,r08,auto
abdullah_60_uc_U_r01.png,abdullah_60,60_uc_U,r01,auto
abdullah_60_uc_U_r02.png,abdullah_60,60_uc_U,r02,auto
abdullah_60_uc_U_r03.png,abdullah_60,60_uc_U,r03,auto
abdullah_60_uc_U_r04.png,abdullah_60,60_uc_U,r04,auto
abdullah_60_uc_U_r05.png,abdullah_60,60_uc_U,r05,auto
abdullah_60_uc_U_r06.png,abdullah_60,60_uc_U,r06,auto
abdullah_60_uc_U_r07.png,abdullah_60,60_uc_U,r07,auto
abdullah_60_uc_U_r08.png,abdullah_60,60_uc_U,r08,auto
abdullah_60_uc_V_r01.png,abdullah_60,60_uc_V,r01,auto
abdullah_60_uc_V_r02.png,abdullah_60,60_uc_V,r02,auto
abdullah_60_uc_V_r03.png,abdullah_60,60_uc_V,r03,auto
abdullah_60_uc_V_r04.png,abdullah_60,60_uc_V,r04,auto
abdullah_60_uc_V_r05.png,abdullah_60,60_uc_V,r05,auto
abdullah_60_uc_V_r06.png,abdullah_60,60_uc_V,r06,auto
abdullah_60_uc_V_r07.png,abdullah_60,60_uc_V,r07,auto
abdullah_60_uc_V_r08.png,abdullah_60,60_uc_V,r08,auto
abdullah_60_uc_W_r01.png,abdullah_60,60_uc_W,r01,auto
abdullah_60_uc_W_r02.png,abdullah_60,60_uc_W,r02,auto
abdullah_60_uc_W_r03.png,abdullah_60,60_uc_W,r03,auto
abdullah_60_uc_W_r04.png,abdullah_60,60_uc_W,r04,auto
abdullah_60_uc_W_r05.png,abdullah_60,60_uc_W,r05,auto
abdullah_60_uc_W_r06.png,abdullah_60,60_uc_W,r06,auto
abdullah_60_uc_W_r07.png,abdullah_60,60_uc_W,r07,auto
abdullah_60_uc_W_r08.png,abdullah_60,60_uc_W,r08,auto
abdullah_60_uc_X_r01.png,abdullah_60,60_uc_X,r01,auto
abdullah_60_uc_X_r02.png,abdullah_60,60_uc_X,r02,auto
abdullah_60_uc_X_r03.png,abdullah_60,60_uc_X,r03,auto
abdullah_60_uc_X_r04.png,abdullah_60,60_uc_X,r04,auto
abdullah_60_uc_X_r05.png,abdullah_60,60_uc_X,r05,auto
abdullah_60_uc_X_r06.png,abdullah_60,60_uc_X,r06,auto
abdullah_60_uc_X_r07.png,abdullah_60,60_uc_X,r07,auto
abdullah_60_uc_X_r08.png,abdullah_60,60_uc_X,r08,auto
abdullah_60_uc_Y_r01.png,abdullah_60,60_uc_Y,r01,auto
abdullah_60_uc_Y_r02.png,abdullah_60,60_uc_Y,r02,auto
abdullah_60_uc_Y_r03.png,abdullah_60,60_uc_Y,r03,auto
abdullah_60_uc_Y_r04.png,abdullah_60,60_uc_Y,r04,auto
abdullah_60_uc_Y_r05.png,abdullah_60,60_uc_Y,r05,auto
abdullah_60_uc_Y_r06.png,abdullah_60,60_uc_Y,r06,auto
abdullah_60_uc_Y_r07.png,abdullah_60,60_uc_Y,r07,auto
abdullah_60_uc_Y_r08.png,abdullah_60,60_uc_Y,r08,auto
abdullah_60_uc_Z_r01.png,abdullah_60,60_uc_Z,r01,auto
abdullah_60_uc_Z_r02.png,abdullah_60,60_uc_Z,r02,auto
abdullah_60_uc_Z_r03.png,abdullah_60,60_uc_Z,r03,auto
abdullah_60_uc_Z_r04.png,abdullah_60,60_uc_Z,r04,auto
abdullah_60_uc_Z_r05.png,abdullah_60,60_uc_Z,r05,auto
abdullah_60_uc_Z_r06.png,abdullah_60,60_uc_Z,r06,auto
abdullah_60_uc_Z_r07.png,abdullah_60,60_uc_Z,r07,auto
abdullah_60_uc_Z_r08.png,abdullah_60,60_uc_Z,r08,auto
abdullah_60_lc_a_r01.png,abdullah_60,60_lc_a,r01,auto
abdullah_60_lc_a_r02.png,abdullah_60,60_lc_a,r02,auto
abdullah_60_lc_a_r03.png,abdullah_60,60_lc_a,r03,auto
abdullah_60_lc_a_r04.png,abdullah_60,60_lc_a,r04,auto
abdullah_60_lc_a_r05.png,abdullah_60,60_lc_a,r05,auto
abdullah_60_lc_a_r06.png,abdullah_60,60_lc_a,r06,auto
abdullah_60_lc_a_r07.png,abdullah_60,60_lc_a,r07,auto
abdullah_60_lc_a_r08.png,abdullah_60,60_lc_a,r08,auto
abdullah_60_lc_b_r01.png,abdullah_60,60_lc_b,r01,auto
abdullah_60_lc_b_r02.png,abdullah_60,60_lc_b,r02,auto
abdullah_60_lc_b_r03.png,abdullah_60,60_lc_b,r03,auto
abdullah_60_lc_b_r04.png,abdullah_60,60_lc_b,r04,auto
abdullah_60_lc_b_r05.png,abdullah_60,60_lc_b,r05,auto
abdullah_60_lc_b_r06.png,abdullah_60,60_lc_b,r06,auto
abdullah_60_lc_b_r07.png,abdullah_60,60_lc_b,r07,auto
abdullah_60_lc_b_r08.png,abdullah_60,60_lc_b,r08,auto
abdullah_60_lc_c_r01.png,abdullah_60,60_lc_c,r01,auto
abdullah_60_lc_c_r02.png,abdullah_60,60_lc_c,r02,auto
abdullah_60_lc_c_r03.png,abdullah_60,60_lc_c,r03,auto
abdullah_60_lc_c_r04.png,abdullah_60,60_lc_c,r04,auto
abdullah_60_lc_c_r05.png,abdullah_60,60_lc_c,r05,auto
abdullah_60_lc_c_r06.png,abdullah_60,60_lc_c,r06,auto
abdullah_60_lc_c_r07.png,abdullah_60,60_lc_c,r07,auto
abdullah_60_lc_c_r08.png,abdullah_60,60_lc_c,r08,auto
abdullah_60_lc_d_r01.png,abdullah_60,60_lc_d,r01,auto
abdullah_60_lc_d_r02.png,abdullah_60,60_lc_d,r02,auto
abdullah_60_lc_d_r03.png,abdullah_60,60_lc_d,r03,auto
abdullah_60_lc_d_r04.png,abdullah_60,60_lc_d,r04,auto
abdullah_60_lc_d_r05.png,abdullah_60,60_lc_d,r05,auto
abdullah_60_lc_d_r06.png,abdullah_60,60_lc_d,r06,auto
abdullah_60_lc_d_r07.png,abdullah_60,60_lc_d,r07,auto
abdullah_60_lc_d_r08.png,abdullah_60,60_lc_d,r08,auto
abdullah_60_lc_e_r01.png,abdullah_60,60_lc_e,r01,auto
abdullah_60_lc_e_r02.png,abdullah_60,60_lc_e,r02,auto
abdullah_60_lc_e_r03.png,abdullah_60,60_lc_e,r03,auto
abdullah_60_lc_e_r04.png,abdullah_60,60_lc_e,r04,auto
abdullah_60_lc_e_r05.png,abdullah_60,60_lc_e,r05,auto
abdullah_60_lc_e_r06.png,abdullah_60,60_lc_e,r06,auto
abdullah_60_lc_e_r07.png,abdullah_60,60_lc_e,r07,auto
abdullah_60_lc_e_r08.png,abdullah_60,60_lc_e,r08,auto
abdullah_60_lc_f_r01.png,abdullah_60,60_lc_f,r01,auto
abdullah_60_lc_f_r02.png,abdullah_60,60_lc_f,r02,auto
abdullah_60_lc_f_r03.png,abdullah_60,60_lc_f,r03,auto
abdullah_60_lc_f_r04.png,abdullah_60,60_lc_f,r04,auto
abdullah_60_lc_f_r05.png,abdullah_60,60_lc_f,r05,auto
abdullah_60_lc_f_r06.png,abdullah_60,60_lc_f,r06,auto
abdullah_60_lc_f_r07.png,abdullah_60,60_lc_f,r07,auto
abdullah_60_lc_f_r08.png,abdullah_60,60_lc_f,r08,auto
abdullah_60_lc_g_r01.png,abdullah_60,60_lc_g,r01,auto
abdullah_60_lc_g_r02.png,abdullah_60,60_lc_g,r02,auto
abdullah_60_lc_g_r03.png,abdullah_60,60_lc_g,r03,auto
abdullah_60_lc_g_r04.png,abdullah_60,60_lc_g,r04,auto
abdullah_60_lc_g_r05.png,abdullah_60,60_lc_g,r05,auto
abdullah_60_lc_g_r06.png,abdullah_60,60_lc_g,r06,auto
abdullah_60_lc_g_r07.png,abdullah_60,60_lc_g,r07,auto
abdullah_60_lc_g_r08.png,abdullah_60,60_lc_g,r08,auto
abdullah_60_lc_h_r01.png,abdullah_60,60_lc_h,r01,auto
abdullah_60_lc_h_r02.png,abdullah_60,60_lc_h,r02,auto
abdullah_60_lc_h_r03.png,abdullah_60,60_lc_h,r03,auto
abdullah_60_lc_h_r04.png,abdullah_60,60_lc_h,r04,auto
abdullah_60_lc_h_r05.png,abdullah_60,60_lc_h,r05,auto
abdullah_60_lc_h_r06.png,abdullah_60,60_lc_h,r06,auto
abdullah_60_lc_h_r07.png,abdullah_60,60_lc_h,r07,auto
abdullah_60_lc_h_r08.png,abdullah_60,60_lc_h,r08,auto
abdullah_60_lc_i_r01.png,abdullah_60,60_lc_i,r01,auto
abdullah_60_lc_i_r02.png,abdullah_60,60_lc_i,r02,auto
abdullah_60_lc_i_r03.png,abdullah_60,60_lc_i,r03,auto
abdullah_60_lc_i_r04.png,abdullah_60,60_lc_i,r04,auto
abdullah_60_lc_i_r05.png,abdullah_60,60_lc_i,r05,auto
abdullah_60_lc_i_r06.png,abdullah_60,60_lc_i,r06,auto
abdullah_60_lc_i_r07.png,abdullah_60,60_lc_i,r07,auto
abdullah_60_lc_i_r08.png,abdullah_60,60_lc_i,r08,auto
abdullah_60_lc_j_r01.png,abdullah_60,60_lc_j,r01,auto
abdullah_60_lc_j_r02.png,abdullah_60,60_lc_j,r02,auto
abdullah_60_lc_j_r03.png,abdullah_60,60_lc_j,r03,auto
abdullah_60_lc_j_r04.png,abdullah_60,60_lc_j,r04,auto
abdullah_60_lc_j_r05.png,abdullah_60,60_lc_j,r05,auto
abdullah_60_lc_j_r06.png,abdullah_60,60_lc_j,r06,auto
abdullah_60_lc_j_r07.png,abdullah_60,60_lc_j,r07,auto
abdullah_60_lc_j_r08.png,abdullah_60,60_lc_j,r08,auto
abdullah_60_lc_k_r01.png,abdullah_60,60_lc_k,r01,auto
abdullah_60_lc_k_r02.png,abdullah_60,60_lc_k,r02,auto
abdullah_60_lc_k_r03.png,abdullah_60,60_lc_k,r03,auto
abdullah_60_lc_k_r04.png,abdullah_60,60_lc_k,r04,auto
abdullah_60_lc_k_r05.png,abdullah_60,60_lc_k,r05,auto
abdullah_60_lc_k_r06.png,abdullah_60,60_lc_k,r06,auto
abdullah_60_lc_k_r07.png,abdullah_60,60_lc_k,r07,auto
abdullah_60_lc_k_r08.png,abdullah_60,60_lc_k,r08,auto
abdullah_60_lc_l_r01.png,abdullah_60,60_lc_l,r01,auto
abdullah_60_lc_l_r02.png,abdullah_60,60_lc_l,r02,auto
abdullah_60_lc_l_r03.png,abdullah_60,60_lc_l,r03,auto
abdullah_60_lc_l_r04.png,abdullah_60,60_lc_l,r04,auto
abdullah_60_lc_l_r05.png,abdullah_60,60_lc_l,r05,auto
abdullah_60_lc_l_r06.png,abdullah_60,60_lc_l,r06,auto
abdullah_60_lc_l_r07.png,abdullah_60,60_lc_l,r07,auto
abdullah_60_lc_l_r08.png,abdullah_60,60_lc_l,r08,auto
abdullah_60_lc_m_r01.png,abdullah_60,60_lc_m,r01,auto
abdullah_60_lc_m_r02.png,abdullah_60,60_lc_m,r02,auto
abdullah_60_lc_m_r03.png,abdullah_60,60_lc_m,r03,auto
abdullah_60_lc_m_r04.png,abdullah_60,60_lc_m,r04,auto
abdullah_60_lc_m_r05.png,abdullah_60,60_lc_m,r05,auto
abdullah_60_lc_m_r06.png,abdullah_60,60_lc_m,r06,auto
abdullah_60_lc_m_r07.png,abdullah_60,60_lc_m,r07,auto
abdullah_60_lc_m_r08.png,abdullah_60,60_lc_m,r08,auto
abdullah_60_lc_n_r01.png,abdullah_60,60_lc_n,r01,auto
abdullah_60_lc_n_r02.png,abdullah_60,60_lc_n,r02,auto
abdullah_60_lc_n_r03.png,abdullah_60,60_lc_n,r03,auto
abdullah_60_lc_n_r04.png,abdullah_60,60_lc_n,r04,auto
abdullah_60_lc_n_r05.png,abdullah_60,60_lc_n,r05,auto
abdullah_60_lc_n_r06.png,abdullah_60,60_lc_n,r06,auto
abdullah_60_lc_n_r07.png,abdullah_60,60_lc_n,r07,auto
abdullah_60_lc_n_r08.png,abdullah_60,60_lc_n,r08,auto
abdullah_60_lc_o_r01.png,abdullah_60,60_lc_o,r01,auto
abdullah_60_lc_o_r02.png,abdullah_60,60_lc_o,r02,auto
abdullah_60_lc_o_r03.png,abdullah_60,60_lc_o,r03,auto
abdullah_60_lc_o_r04.png,abdullah_60,60_lc_o,r04,auto
abdullah_60_lc_o_r05.png,abdullah_60,60_lc_o,r05,auto
abdullah_60_lc_o_r06.png,abdullah_60,60_lc_o,r06,auto
abdullah_60_lc_o_r07.png,abdullah_60,60_lc_o,r07,auto
abdullah_60_lc_o_r08.png,abdullah_60,60_lc_o,r08,auto
abdullah_60_lc_p_r01.png,abdullah_60,60_lc_p,r01,auto
abdullah_60_lc_p_r02.png,abdullah_60,60_lc_p,r02,auto
abdullah_60_lc_p_r03.png,abdullah_60,60_lc_p,r03,auto
abdullah_60_lc_p_r04.png,abdullah_60,60_lc_p,r04,auto
abdullah_60_lc_p_r05.png,abdullah_60,60_lc_p,r05,auto
abdullah_60_lc_p_r06.png,abdullah_60,60_lc_p,r06,auto
abdullah_60_lc_p_r07.png,abdullah_60,60_lc_p,r07,auto
abdullah_60_lc_p_r08.png,abdullah_60,60_lc_p,r08,auto
abdullah_60_lc_q_r01.png,abdullah_60,60_lc_q,r01,auto
abdullah_60_lc_q_r02.png,abdullah_60,60_lc_q,r02,auto
abdullah_60_lc_q_r03.png,abdullah_60,60_lc_q,r03,auto
abdullah_60_lc_q_r04.png,abdullah_60,60_lc_q,r04,auto
abdullah_60_lc_q_r05.png,abdullah_60,60_lc_q,r05,auto
abdullah_60_lc_q_r06.png,abdullah_60,60_lc_q,r06,auto
abdullah_60_lc_q_r07.png,abdullah_60,60_lc_q,r07,auto
abdullah_60_lc_q_r08.png,abdullah_60,60_lc_q,r08,auto
abdullah_60_lc_r_r01.png,abdullah_60,60_lc_r,r01,auto
abdullah_60_lc_r_r02.png,abdullah_60,60_lc_r,r02,auto
abdullah_60_lc_r_r03.png,abdullah_60,60_lc_r,r03,auto
abdullah_60_lc_r_r04.png,abdullah_60,60_lc_r,r04,auto
abdullah_60_lc_r_r05.png,abdullah_60,60_lc_r,r05,auto
abdullah_60_lc_r_r06.png,abdullah_60,60_lc_r,r06,auto
abdullah_60_lc_r_r07.png,abdullah_60,60_lc_r,r07,auto
abdullah_60_lc_r_r08.png,abdullah_60,60_lc_r,r08,auto
abdullah_60_lc_s_r01.png,abdullah_60,60_lc_s,r01,auto
abdullah_60_lc_s_r02.png,abdullah_60,60_lc_s,r02,auto
abdullah_60_lc_s_r03.png,abdullah_60,60_lc_s,r03,auto
abdullah_60_lc_s_r04.png,abdullah_60,60_lc_s,r04,auto
abdullah_60_lc_s_r05.png,abdullah_60,60_lc_s,r05,auto
abdullah_60_lc_s_r06.png,abdullah_60,60_lc_s,r06,auto
abdullah_60_lc_s_r07.png,abdullah_60,60_lc_s,r07,auto
abdullah_60_lc_s_r08.png,abdullah_60,60_lc_s,r08,auto
abdullah_60_lc_t_r01.png,abdullah_60,60_lc_t,r01,auto
abdullah_60_lc_t_r02.png,abdullah_60,60_lc_t,r02,auto
abdullah_60_lc_t_r03.png,abdullah_60,60_lc_t,r03,auto
abdullah_60_lc_t_r04.png,abdullah_60,60_lc_t,r04,auto
abdullah_60_lc_t_r05.png,abdullah_60,60_lc_t,r05,auto
abdullah_60_lc_t_r06.png,abdullah_60,60_lc_t,r06,auto
abdullah_60_lc_t_r07.png,abdullah_60,60_lc_t,r07,auto
abdullah_60_lc_t_r08.png,abdullah_60,60_lc_t,r08,auto
abdullah_60_lc_u_r01.png,abdullah_60,60_lc_u,r01,auto
abdullah_60_lc_u_r02.png,abdullah_60,60_lc_u,r02,auto
abdullah_60_lc_u_r03.png,abdullah_60,60_lc_u,r03,auto
abdullah_60_lc_u_r04.png,abdullah_60,60_lc_u,r04,auto
abdullah_60_lc_u_r05.png,abdullah_60,60_lc_u,r05,auto
abdullah_60_lc_u_r06.png,abdullah_60,60_lc_u,r06,auto
abdullah_60_lc_u_r07.png,abdullah_60,60_lc_u,r07,auto
abdullah_60_lc_u_r08.png,abdullah_60,60_lc_u,r08,auto
abdullah_60_lc_v_r01.png,abdullah_60,60_lc_v,r01,auto
abdullah_60_lc_v_r02.png,abdullah_60,60_lc_v,r02,auto
abdullah_60_lc_v_r03.png,abdullah_60,60_lc_v,r03,auto
abdullah_60_lc_v_r04.png,abdullah_60,60_lc_v,r04,auto
abdullah_60_lc_v_r05.png,abdullah_60,60_lc_v,r05,auto
abdullah_60_lc_v_r06.png,abdullah_60,60_lc_v,r06,auto
abdullah_60_lc_v_r07.png,abdullah_60,60_lc_v,r07,auto
abdullah_60_lc_v_r08.png,abdullah_60,60_lc_v,r08,auto
abdullah_60_lc_w_r01.png,abdullah_60,60_lc_w,r01,auto
abdullah_60_lc_w_r02.png,abdullah_60,60_lc_w,r02,auto
abdullah_60_lc_w_r03.png,abdullah_60,60_lc_w,r03,auto
abdullah_60_lc_w_r04.png,abdullah_60,60_lc_w,r04,auto
abdullah_60_lc_w_r05.png,abdullah_60,60_lc_w,r05,auto
abdullah_60_lc_w_r06.png,abdullah_60,60_lc_w,r06,auto
abdullah_60_lc_w_r07.png,abdullah_60,60_lc_w,r07,auto
abdullah_60_lc_w_r08.png,abdullah_60,60_lc_w,r08,auto
abdullah_60_lc_x_r01.png,abdullah_60,60_lc_x,r01,auto
abdullah_60_lc_x_r02.png,abdullah_60,60_lc_x,r02,auto
abdullah_60_lc_x_r03.png,abdullah_60,60_lc_x,r03,auto
abdullah_60_lc_x_r04.png,abdullah_60,60_lc_x,r04,auto
abdullah_60_lc_x_r05.png,abdullah_60,60_lc_x,r05,auto
abdullah_60_lc_x_r06.png,abdullah_60,60_lc_x,r06,auto
abdullah_60_lc_x_r07.png,abdullah_60,60_lc_x,r07,auto
abdullah_60_lc_x_r08.png,abdullah_60,60_lc_x,r08,auto
abdullah_60_lc_y_r01.png,abdullah_60,60_lc_y,r01,auto
abdullah_60_lc_y_r02.png,abdullah_60,60_lc_y,r02,auto
abdullah_60_lc_y_r03.png,abdullah_60,60_lc_y,r03,auto
abdullah_60_lc_y_r04.png,abdullah_60,60_lc_y,r04,auto
abdullah_60_lc_y_r05.png,abdullah_60,60_lc_y,r05,auto
abdullah_60_lc_y_r06.png,abdullah_60,60_lc_y,r06,auto
abdullah_60_lc_y_r07.png,abdullah_60,60_lc_y,r07,auto
abdullah_60_lc_y_r08.png,abdullah_60,60_lc_y,r08,auto
abdullah_60_lc_z_r01.png,abdullah_60,60_lc_z,r01,auto
abdullah_60_lc_z_r02.png,abdullah_60,60_lc_z,r02,auto
abdullah_60_lc_z_r03.png,abdullah_60,60_lc_z,r03,auto
abdullah_60_lc_z_r04.png,abdullah_60,60_lc_z,r04,auto
abdullah_60_lc_z_r05.png,abdullah_60,60_lc_z,r05,auto
abdullah_60_lc_z_r06.png,abdullah_60,60_lc_z,r06,auto
abdullah_60_lc_z_r07.png,abdullah_60,60_lc_z,r07,auto
abdullah_60_lc_z_r08.png,abdullah_60,60_lc_z,r08,auto
abdullah_60_n_0_r01.png,abdullah_60,60_n_0,r01,auto
abdullah_60_n_0_r02.png,abdullah_60,60_n_0,r02,auto
abdullah_60_n_0_r03.png,abdullah_60,60_n_0,r03,auto
abdullah_60_n_0_r04.png,abdullah_60,60_n_0,r04,auto
abdullah_60_n_0_r05.png,abdullah_60,60_n_0,r05,auto
abdullah_60_n_0_r06.png,abdullah_60,60_n_0,r06,auto
abdullah_60_n_0_r07.png,abdullah_60,60_n_0,r07,auto
abdullah_60_n_0_r08.png,abdullah_60,60_n_0,r08,auto
abdullah_60_n_1_r01.png,abdullah_60,60_n_1,r01,auto
abdullah_60_n_1_r02.png,abdullah_60,60_n_1,r02,auto
abdullah_60_n_1_r03.png,abdullah_60,60_n_1,r03,auto
abdullah_60_n_1_r04.png,abdullah_60,60_n_1,r04,auto
abdullah_60_n_1_r05.png,abdullah_60,60_n_1,r05,auto
abdullah_60_n_1_r06.png,abdullah_60,60_n_1,r06,auto
abdullah_60_n_1_r07.png,abdullah_60,60_n_1,r07,auto
abdullah_60_n_1_r08.png,abdullah_60,60_n_1,r08,auto
abdullah_60_n_2_r01.png,abdullah_60,60_n_2,r01,auto
abdullah_60_n_2_r02.png,abdullah_60,60_n_2,r02,auto
abdullah_60_n_2_r03.png,abdullah_60,60_n_2,r03,auto
abdullah_60_n_2_r04.png,abdullah_60,60_n_2,r04,auto
abdullah_60_n_2_r05.png,abdullah_60,60_n_2,r05,auto
abdullah_60_n_2_r06.png,abdullah_60,60_n_2,r06,auto
abdullah_60_n_2_r07.png,abdullah_60,60_n_2,r07,auto
abdullah_60_n_2_r08.png,abdullah_60,60_n_2,r08,auto
abdullah_60_n_3_r01.png,abdullah_60,60_n_3,r01,auto
abdullah_60_n_3_r02.png,abdullah_60,60_n_3,r02,auto
abdullah_60_n_3_r03.png,abdullah_60,60_n_3,r03,auto
abdullah_60_n_3_r04.png,abdullah_60,60_n_3,r04,auto
abdullah_60_n_3_r05.png,abdullah_60,60_n_3,r05,auto
abdullah_60_n_3_r06.png,abdullah_60,60_n_3,r06,auto
abdullah_60_n_3_r07.png,abdullah_60,60_n_3,r07,auto
abdullah_60_n_3_r08.png,abdullah_60,60_n_3,r08,auto
abdullah_60_n_4_r01.png,abdullah_60,60_n_4,r01,auto
abdullah_60_n_4_r02.png,abdullah_60,60_n_4,r02,auto
abdullah_60_n_4_r03.png,abdullah_60,60_n_4,r03,auto
abdullah_60_n_4_r04.png,abdullah_60,60_n_4,r04,auto
abdullah_60_n_4_r05.png,abdullah_60,60_n_4,r05,auto
abdullah_60_n_4_r06.png,abdullah_60,60_n_4,r06,auto
abdullah_60_n_4_r07.png,abdullah_60,60_n_4,r07,auto
abdullah_60_n_4_r08.png,abdullah_60,60_n_4,r08,auto
abdullah_60_n_5_r01.png,abdullah_60,60_n_5,r01,auto
abdullah_60_n_5_r02.png,abdullah_60,60_n_5,r02,auto
abdullah_60_n_5_r03.png,abdullah_60,60_n_5,r03,auto
abdullah_60_n_5_r04.png,abdullah_60,60_n_5,r04,auto
abdullah_60_n_5_r05.png,abdullah_60,60_n_5,r05,auto
abdullah_60_n_5_r06.png,abdullah_60,60_n_5,r06,auto
abdullah_60_n_5_r07.png,abdullah_60,60_n_5,r07,auto
abdullah_60_n_5_r08.png,abdullah_60,60_n_5,r08,auto
abdullah_60_n_6_r01.png,abdullah_60,60_n_6,r01,auto
abdullah_60_n_6_r02.png,abdullah_60,60_n_6,r02,auto
abdullah_60_n_6_r03.png,abdullah_60,60_n_6,r03,auto
abdullah_60_n_6_r04.png,abdullah_60,60_n_6,r04,auto
abdullah_60_n_6_r05.png,abdullah_60,60_n_6,r05,auto
abdullah_60_n_6_r06.png,abdullah_60,60_n_6,r06,auto
abdullah_60_n_6_r07.png,abdullah_60,60_n_6,r07,auto
abdullah_60_n_6_r08.png,abdullah_60,60_n_6,r08,auto
abdullah_60_n_7_r01.png,abdullah_60,60_n_7,r01,auto
abdullah_60_n_7_r02.png,abdullah_60,60_n_7,r02,auto
abdullah_60_n_7_r03.png,abdullah_60,60_n_7,r03,auto
abdullah_60_n_7_r04.png,abdullah_60,60_n_7,r04,auto
abdullah_60_n_7_r05.png,abdullah_60,60_n_7,r05,auto
abdullah_60_n_7_r06.png,abdullah_60,60_n_7,r06,auto
abdullah_60_n_7_r07.png,abdullah_60,60_n_7,r07,auto
abdullah_60_n_7_r08.png,abdullah_60,60_n_7,r08,auto
abdullah_60_n_8_r01.png,abdullah_60,60_n_8,r01,auto
abdullah_60_n_8_r02.png,abdullah_60,60_n_8,r02,auto
abdullah_60_n_8_r03.png,abdullah_60,60_n_8,r03,auto
abdullah_60_n_8_r04.png,abdullah_60,60_n_8,r04,auto
abdullah_60_n_8_r05.png,abdullah_60,60_n_8,r05,auto
abdullah_60_n_8_r06.png,abdullah_60,60_n_8,r06,auto
abdullah_60_n_8_r07.png,abdullah_60,60_n_8,r07,auto
abdullah_60_n_8_r08.png,abdullah_60,60_n_8,r08,auto
abdullah_60_n_9_r01.png,abdullah_60,60_n_9,r01,auto
abdullah_60_n_9_r02.png,abdullah_60,60_n_9,r02,auto
abdullah_60_n_9_r03.png,abdullah_60,60_n_9,r03,auto
abdullah_60_n_9_r04.png,abdullah_60,60_n_9,r04,auto
abdullah_60_n_9_r05.png,abdullah_60,60_n_9,r05,auto
abdullah_60_n_9_r06.png,abdullah_60,60_n_9,r06,auto
abdullah_60_n_9_r07.png,abdullah_60,60_n_9,r07,auto
abdullah_60_n_9_r08.png,abdullah_60,60_n_9,r08,auto
